gpsTime,cameraLon,cameraLat
1250930569,10.82412556,55.30378553
1250930570,10.82408287,55.30380023
1250930570,10.82404023,55.30381491
1250930570,10.82399745,55.30382961
1250930570,10.82395725,55.30384348
1250930570,10.82391455,55.30385821
1250930570,10.82387175,55.30387298
1250930571,10.82382893,55.30388769
1250930571,10.82378606,55.30390241
1250930571,10.82374324,55.30391714
1250930571,10.82370035,55.30393191
1250930571,10.82366004,55.30394577
1250930571,10.82361713,55.30396051
1250930572,10.82357424,55.30397526
1250930572,10.82353131,55.30399002
1250930572,10.8234884,55.30400476
1250930572,10.82344801,55.30401864
1250930572,10.82340509,55.30403339
1250930573,10.82336217,55.30404814
1250930573,10.82331925,55.3040629
1250930573,10.82327634,55.30407765
1250930573,10.82323334,55.30409239
1250930573,10.82319048,55.30410711
1250930573,10.8231501,55.30412098
1250930574,10.82310723,55.30413571
1250930574,10.82306436,55.30415044
1250930574,10.82302148,55.30416517
1250930574,10.82297862,55.30417989
1250930574,10.82293574,55.30419463
1250930574,10.82289554,55.30420847
1250930575,10.82285273,55.30422318
1250930575,10.82280995,55.30423788
1250930575,10.82276722,55.30425257
1250930575,10.82272448,55.30426726
1250930575,10.82268176,55.30428189
1250930575,10.8226391,55.30429656
1250930576,10.82259647,55.30431123
1250930576,10.82255386,55.30432587
1250930576,10.82251127,55.30434049
1250930576,10.82246873,55.30435511
1250930576,10.82242626,55.30436974
1250930576,10.82238378,55.30438433
1250930577,10.82234136,55.30439891
1250930577,10.82229893,55.30441347
1250930577,10.8222566,55.30442805
1250930577,10.82221425,55.30444261
1250930577,10.82217194,55.30445712
1250930577,10.82212969,55.30447162
1250930578,10.82208735,55.30448618
1250930578,10.82204515,55.30450068
1250930578,10.82200304,55.30451515
1250930578,10.8219609,55.30452962
1250930578,10.82191877,55.30454411
1250930578,10.82187445,55.30455935
1250930579,10.82183243,55.3045738
1250930579,10.82179047,55.30458821
1250930579,10.82174861,55.30460255
1250930579,10.82170674,55.30461694
1250930579,10.82166248,55.30463217
1250930579,10.82162067,55.30464653
1250930580,10.82157887,55.30466086
1250930580,10.82153469,55.30467604
1250930580,10.82149296,55.30469035
1250930580,10.82145129,55.30470467
1250930580,10.82140967,55.30471895
1250930581,10.82136567,55.30473408
1250930581,10.82132408,55.30474836
1250930581,10.8212801,55.30476345
1250930581,10.82123862,55.3047777
1250930581,10.82119714,55.30479193
1250930581,10.82115331,55.30480696
1250930582,10.82111186,55.30482118
1250930582,10.82106804,55.3048362
1250930582,10.82102675,55.30485037
1250930582,10.82098543,55.30486456
1250930582,10.8209418,55.30487955
1250930582,10.82090057,55.3048937
1250930583,10.820857,55.30490869
1250930583,10.82081344,55.30492364
1250930583,10.82077225,55.3049378
1250930583,10.82072811,55.30495295
1250930583,10.82068773,55.30496681
1250930583,10.82064435,55.30498171
1250930584,10.82060033,55.30499683
1250930584,10.8205594,55.3050109
1250930584,10.82051612,55.30502576
1250930584,10.82047279,55.30504066
1250930584,10.82043202,55.30505466
1250930585,10.82038879,55.30506952
1250930585,10.82034558,55.30508438
1250930585,10.82030487,55.30509837
1250930585,10.82026173,55.3051132
1250930585,10.82021862,55.30512801
1250930585,10.82017788,55.30514199
1250930586,10.82013478,55.30515682
1250930586,10.82009171,55.30517163
1250930586,10.82004859,55.30518647
1250930586,10.82000795,55.30520042
1250930586,10.8199649,55.30521524
1250930586,10.81992188,55.30523008
1250930587,10.81987883,55.30524488
1250930587,10.81983815,55.30525885
1250930587,10.81979508,55.30527364
1250930587,10.819752,55.30528847
1250930587,10.81970894,55.30530333
1250930588,10.81966833,55.3053173
1250930588,10.81962525,55.30533212
1250930588,10.81958214,55.30534693
1250930588,10.81953897,55.30536171
1250930588,10.81949825,55.30537575
1250930588,10.81945516,55.30539058
1250930589,10.81941193,55.3054054
1250930589,10.81937118,55.30541944
1250930589,10.8193279,55.30543426
1250930589,10.81928462,55.30544911
1250930589,10.81924142,55.30546397
1250930590,10.8192005,55.30547803
1250930590,10.81915716,55.30549293
1250930590,10.8191138,55.30550785
1250930590,10.81907279,55.30552196
1250930590,10.81902931,55.30553693
1250930590,10.81898837,55.305551
1250930591,10.81894488,55.30556595
1250930591,10.81890376,55.30558009
1250930591,10.81886024,55.30559504
1250930591,10.81881671,55.30561
1250930591,10.81877552,55.30562416
1250930591,10.81873188,55.30563916
1250930592,10.81869063,55.30565335
1250930592,10.81864695,55.30566837
1250930592,10.81860563,55.30568256
1250930592,10.81856188,55.3056976
1250930592,10.81852052,55.30571181
1250930592,10.81847913,55.30572604
1250930593,10.81843527,55.30574112
1250930593,10.81839383,55.30575536
1250930593,10.81834992,55.30577044
1250930593,10.81830842,55.30578469
1250930593,10.81826691,55.30579897
1250930594,10.8182229,55.30581409
1250930594,10.81818133,55.30582837
1250930594,10.81813727,55.30584352
1250930594,10.81809568,55.30585782
1250930594,10.81805401,55.30587214
1250930594,10.8180099,55.30588731
1250930595,10.81796821,55.30590163
1250930595,10.81792651,55.305916
1250930595,10.81788477,55.30593036
1250930595,10.81784051,55.30594558
1250930595,10.81779874,55.30595997
1250930595,10.81775694,55.30597438
1250930596,10.81771434,55.30598906
1250930596,10.81767004,55.3060043
1250930596,10.81762819,55.30601874
1250930596,10.81758631,55.30603319
1250930596,10.8175444,55.30604767
1250930596,10.81750002,55.30606302
1250930597,10.81745814,55.30607752
1250930597,10.8174162,55.30609207
1250930597,10.81737426,55.30610664
1250930597,10.81733231,55.30612124
1250930597,10.81728787,55.30613672
1250930598,10.81724587,55.30615135
1250930598,10.81720385,55.30616602
1250930598,10.8171618,55.30618072
1250930598,10.81711978,55.30619543
1250930598,10.81707772,55.30621017
1250930598,10.81703566,55.30622492
1250930599,10.81699112,55.30624059
1250930599,10.81694904,55.30625541
1250930599,10.81690698,55.30627027
1250930599,10.81686492,55.30628516
1250930599,10.81682284,55.30630006
1250930599,10.81678073,55.306315
1250930600,10.8167387,55.30632999
1250930600,10.81669663,55.30634501
1250930600,10.81665456,55.30636002
1250930600,10.81661251,55.3063751
1250930600,10.81656803,55.30639112
1250930600,10.81652604,55.30640627
1250930601,10.81648404,55.30642144
1250930601,10.81644208,55.30643668
1250930601,10.8164001,55.30645193
1250930601,10.81635821,55.3064672
1250930601,10.81631634,55.30648251
1250930601,10.81627445,55.30649784
1250930602,10.81623018,55.30651416
1250930602,10.81618838,55.30652958
1250930602,10.81614665,55.30654503
1250930602,10.81610495,55.30656053
1250930602,10.81606331,55.30657606
1250930602,10.81602171,55.30659161
1250930603,10.81597768,55.30660813
1250930603,10.81593621,55.30662379
1250930603,10.81589476,55.30663945
1250930603,10.81585336,55.30665517
1250930603,10.81580961,55.30667186
1250930604,10.81576834,55.30668765
1250930604,10.81572713,55.30670348
1250930604,10.81568359,55.3067203
1250930604,10.81564253,55.30673625
1250930604,10.81560159,55.30675219
1250930604,10.81555825,55.30676916
1250930605,10.81551748,55.3067852
1250930605,10.81547432,55.30680222
1250930605,10.81543371,55.3068183
1250930605,10.81539072,55.30683542
1250930605,10.81535018,55.3068516
1250930605,10.81530739,55.30686881
1250930606,10.81526706,55.30688509
1250930606,10.81522438,55.30690238
1250930606,10.81518424,55.30691875
1250930606,10.81514181,55.30693613
1250930606,10.81509949,55.30695357
1250930606,10.81505725,55.30697103
1250930607,10.81501745,55.30698757
1250930607,10.81497543,55.30700514
1250930607,10.81493347,55.30702276
1250930607,10.81489161,55.30704036
1250930607,10.81484987,55.30705798
1250930608,10.81481056,55.30707472
1250930608,10.81476906,55.30709245
1250930608,10.8147275,55.30711021
1250930608,10.81468611,55.30712799
1250930608,10.81464486,55.30714584
1250930608,10.81460374,55.30716375
1250930609,10.81456266,55.30718165
1250930609,10.81451939,55.30720062
1250930609,10.81447863,55.30721864
1250930609,10.81443788,55.3072367
1250930609,10.81439726,55.30725479
1250930610,10.81435671,55.30727291
1250930610,10.81431297,55.30729248
1250930610,10.81427277,55.3073106
1250930610,10.81423259,55.30732873
1250930610,10.81419025,55.307348
1250930610,10.81415015,55.30736628
1250930611,10.81411017,55.30738456
1250930611,10.81406819,55.30740398
1250930611,10.81402841,55.30742243
1250930611,10.81398663,55.3074418
1250930611,10.81394492,55.30746128
1250930612,10.81390557,55.30747979
1250930612,10.81386402,55.30749936
1250930612,10.81382259,55.30751897
1250930612,10.81378351,55.3075376
1250930612,10.81374227,55.30755726
1250930613,10.81370121,55.30757706
1250930613,10.81366022,55.30759687
1250930613,10.81362133,55.30761561
1250930613,10.81358049,55.30763544
1250930613,10.81353979,55.30765538
1250930613,10.8134992,55.30767542
1250930614,10.8134586,55.30769543
1250930614,10.81341807,55.30771548
1250930614,10.81337977,55.30773454
1250930614,10.81333927,55.30775486
1250930614,10.81329919,55.30777498
1250930615,10.81325899,55.30779527
1250930615,10.81321886,55.30781562
1250930615,10.81317651,55.3078372
1250930615,10.81313675,55.30785754
1250930615,10.81309687,55.30787806
1250930616,10.81305703,55.30789863
1250930616,10.81301725,55.30791925
1250930616,10.81297756,55.30793997
1250930616,10.8129379,55.30796071
1250930616,10.81289833,55.30798153
1250930616,10.81285886,55.30800238
1250930617,10.81281946,55.3080233
1250930617,10.81278002,55.3080443
1250930617,10.81273872,55.30806645
1250930617,10.81269942,55.30808758
1250930617,10.81266033,55.30810872
1250930618,10.81262123,55.30812998
1250930618,10.81258014,55.30815239
1250930618,10.81254122,55.30817373
1250930618,10.81250235,55.30819513
1250930618,10.8124636,55.30821661
1250930619,10.8124226,55.30823937
1250930619,10.81238418,55.30826085
1250930619,10.81234559,55.30828249
1250930619,10.81230493,55.30830542
1250930619,10.81226667,55.30832702
1250930620,10.81222829,55.3083488
1250930620,10.81218782,55.30837191
1250930620,10.81214977,55.30839369
1250930620,10.81211163,55.30841562
1250930620,10.81207132,55.30843892
1250930621,10.81203352,55.30846084
1250930621,10.81199355,55.3084841
1250930621,10.8119557,55.30850622
1250930621,10.81191568,55.30852966
1250930621,10.81187817,55.30855178
1250930622,10.81183818,55.30857538
1250930622,10.81180039,55.30859773
1250930622,10.8117603,55.3086216
1250930622,10.81172081,55.30864517
1250930622,10.81168365,55.30866735
1250930623,10.81164432,55.30869093
1250930623,10.81160486,55.30871466
1250930623,10.81156785,55.30873698
1250930623,10.81152848,55.30876077
1250930623,10.81148926,55.30878449
1250930623,10.8114525,55.30880685
1250930624,10.81141292,55.30883098
1250930624,10.81137393,55.30885476
1250930624,10.81133722,55.30887712
1250930624,10.81129847,55.3089008
1250930624,10.81125957,55.30892467
1250930625,10.81122109,55.3089483
1250930625,10.8111844,55.30897086
1250930625,10.81114574,55.30899465
1250930625,10.8111065,55.30901881
1250930625,10.81106838,55.30904234
1250930626,10.81102987,55.30906616
1250930626,10.81099348,55.30908865
1250930626,10.81095483,55.30911265
1250930626,10.81091623,55.30913667
1250930626,10.81087819,55.30916018
1250930627,10.81083983,55.30918405
1250930627,10.81080137,55.3092081
1250930627,10.8107628,55.30923206
1250930627,10.81072681,55.30925446
1250930627,10.81068836,55.30927846
1250930628,10.8106503,55.30930223
1250930628,10.81061205,55.30932608
1250930628,10.81057368,55.30935007
1250930628,10.81053547,55.30937398
1250930628,10.81049734,55.30939783
1250930629,10.81045911,55.30942165
1250930629,10.81042082,55.30944544
1250930629,10.81038271,55.30946933
1250930629,10.81034481,55.30949312
1250930629,10.81030657,55.3095171
1250930630,10.81027061,55.30953962
1250930630,10.81023236,55.30956364
1250930630,10.81019445,55.30958757
1250930630,10.8101565,55.30961147
1250930630,10.81011868,55.30963522
1250930631,10.81008041,55.30965916
1250930631,10.81004256,55.30968289
1250930631,10.81000462,55.30970681
1250930631,10.80996663,55.30973067
1250930631,10.80992847,55.30975465
1250930632,10.80989056,55.30977856
1250930632,10.8098526,55.30980242
1250930632,10.80981445,55.30982625
1250930632,10.80977684,55.30985007
1250930632,10.80973876,55.3098741
1250930633,10.80970075,55.30989798
1250930633,10.80966272,55.30992182
1250930633,10.8096247,55.30994571
1250930633,10.80958693,55.3099695
1250930633,10.80954881,55.30999349
1250930634,10.80951075,55.31001739
1250930634,10.80947271,55.3100413
1250930634,10.80943486,55.31006512
1250930634,10.8093967,55.31008906
1250930634,10.80935844,55.31011311
1250930635,10.80932042,55.31013701
1250930635,10.80928246,55.31016089
1250930635,10.80924414,55.31018499
1250930635,10.80920812,55.31020764
1250930635,10.80916991,55.31023173
1250930636,10.80913153,55.31025575
1250930636,10.80909332,55.31027974
1250930636,10.80905524,55.31030378
1250930636,10.80901702,55.31032782
1250930636,10.80897894,55.31035174
1250930637,10.80894049,55.31037591
1250930637,10.80890431,55.31039865
1250930637,10.80886581,55.31042286
1250930637,10.80882731,55.31044707
1250930637,10.80878915,55.31047106
1250930638,10.80875078,55.31049515
1250930638,10.80871328,55.31051872
1250930638,10.8086754,55.31054253
1250930638,10.80863694,55.31056668
1250930638,10.80859872,55.31059075
1250930639,10.80856012,55.31061502
1250930639,10.80852373,55.31063784
1250930639,10.80848525,55.31066204
1250930639,10.80844652,55.31068634
1250930639,10.80840748,55.31071086
1250930640,10.80837155,55.31073346
1250930640,10.80833281,55.31075777
1250930640,10.80829419,55.31078199
1250930640,10.80825774,55.31080493
1250930640,10.80821891,55.31082933
1250930641,10.80818046,55.31085349
1250930641,10.80814371,55.31087655
1250930641,10.8081048,55.31090099
1250930641,10.80806611,55.31092531
1250930641,10.80802952,55.31094829
1250930642,10.80799059,55.31097276
1250930642,10.80795203,55.31099699
1250930642,10.80791519,55.31102013
1250930642,10.80787618,55.31104463
1250930642,10.80783951,55.31106768
1250930643,10.80780048,55.31109221
1250930643,10.80776375,55.3111153
1250930643,10.80772491,55.3111397
1250930643,10.80768582,55.31116425
1250930643,10.80764907,55.31118736
1250930644,10.80761002,55.31121188
1250930644,10.80757303,55.31123511
1250930644,10.80753378,55.31125979
1250930644,10.8074968,55.311283
1250930644,10.80745779,55.3113075
1250930644,10.80742098,55.31133063
1250930645,10.80738176,55.31135528
1250930645,10.80734489,55.31137846
1250930645,10.80730563,55.31140315
1250930645,10.80726865,55.31142634
1250930645,10.80723158,55.31144965
1250930646,10.80719227,55.31147435
1250930646,10.8071553,55.31149761
1250930646,10.80711594,55.31152232
1250930646,10.80707893,55.31154557
1250930646,10.80703961,55.31157028
1250930647,10.80700251,55.31159358
1250930647,10.80696526,55.31161698
1250930647,10.80692584,55.31164177
1250930647,10.80688875,55.31166509
1250930647,10.80685037,55.31168915
1250930648,10.80681189,55.31171332
1250930648,10.80677477,55.31173666
1250930648,10.80673745,55.31176013
1250930648,10.80669804,55.31178483
1250930648,10.80666068,55.31180837
1250930649,10.80662327,55.31183185
1250930649,10.8065836,55.31185675
1250930649,10.80654641,55.31188014
1250930649,10.80650899,55.31190365
1250930649,10.80646937,55.31192852
1250930650,10.80643214,55.3119519
1250930650,10.80639468,55.31197545
1250930650,10.80635636,55.31199953
1250930650,10.80631715,55.31202418
1250930650,10.8062797,55.31204768
1250930650,10.80624224,55.31207122
1250930651,10.80620479,55.31209476
1250930651,10.80616516,55.31211964
1250930651,10.80612792,55.31214302
1250930651,10.80609047,55.31216653
1250930651,10.80605087,55.31219141
1250930652,10.80601362,55.31221481
1250930652,10.80597627,55.31223825
1250930652,10.80593673,55.3122631
1250930652,10.80589956,55.31228646
1250930652,10.80586219,55.3123099
1250930653,10.80582271,55.31233473
1250930653,10.80578556,55.31235803
1250930653,10.80574818,55.31238147
1250930653,10.80570893,55.31240608
1250930653,10.80567171,55.31242948
1250930654,10.80563443,55.31245283
1250930654,10.80559509,55.31247757
1250930654,10.80555815,55.31250081
1250930654,10.80551883,55.31252549
1250930654,10.80548191,55.31254865
1250930655,10.80544279,55.31257316
1250930655,10.80540576,55.31259643
1250930655,10.8053666,55.31262101
1250930655,10.80532983,55.31264407
1250930655,10.8052909,55.31266847
1250930656,10.80525396,55.31269162
1250930656,10.80521494,55.31271608
1250930656,10.80517615,55.31274041
1250930656,10.80513954,55.31276337
1250930656,10.80510083,55.31278765
1250930657,10.80506198,55.31281203
1250930657,10.80502553,55.31283491
1250930657,10.80498696,55.31285912
1250930657,10.80494823,55.31288341
1250930657,10.80490975,55.31290759
1250930658,10.80487342,55.31293039
1250930658,10.80483481,55.31295463
1250930658,10.80479642,55.31297874
1250930658,10.80475826,55.31300268
1250930658,10.80471979,55.31302686
1250930658,10.80468361,55.31304955
1250930659,10.80464539,55.31307357
1250930659,10.80460716,55.31309755
1250930659,10.80456884,55.31312163
1250930659,10.80453056,55.31314567
1250930659,10.80449285,55.31316934
1250930660,10.80445462,55.31319337
1250930660,10.80441663,55.31321725
1250930660,10.80437863,55.31324113
1250930660,10.80434044,55.31326512
1250930660,10.80430295,55.31328869
1250930661,10.80426485,55.31331261
1250930661,10.80422703,55.3133364
1250930661,10.80418913,55.31336021
1250930661,10.8041511,55.31338413
1250930662,10.80411185,55.31340882
1250930662,10.80407385,55.31343267
1250930662,10.80403608,55.31345641
1250930662,10.80399855,55.31348004
1250930662,10.80396059,55.31350388
1250930663,10.80392302,55.31352746
1250930663,10.80388509,55.3135513
1250930663,10.80384551,55.31357618
1250930663,10.80380781,55.31359989
1250930663,10.80377003,55.31362362
1250930664,10.80373247,55.31364719
1250930664,10.80369459,55.31367104
1250930664,10.80365621,55.31369513
1250930664,10.80361849,55.31371887
1250930664,10.80357885,55.31374374
1250930665,10.80354109,55.31376747
1250930665,10.80350332,55.31379122
1250930665,10.80346557,55.31381498
1250930665,10.80342791,55.31383862
1250930665,10.80338991,55.3138625
1250930666,10.80335208,55.3138863
1250930666,10.80331418,55.31391009
1250930666,10.8032763,55.31393389
1250930666,10.80323857,55.3139576
1250930666,10.80320044,55.31398157
1250930667,10.8031608,55.31400651
1250930667,10.80312284,55.31403039
1250930667,10.80308469,55.31405439
1250930667,10.80304668,55.31407831
1250930667,10.80300866,55.31410219
1250930668,10.80297084,55.31412599
1250930668,10.8029326,55.31415005
1250930668,10.80289451,55.31417401
1250930668,10.80285854,55.31419662
1250930668,10.80282017,55.31422067
1250930669,10.80278227,55.31424455
1250930669,10.80274392,55.31426866
1250930669,10.80270573,55.31429263
1250930669,10.80266756,55.31431665
1250930669,10.80262933,55.31434065
1250930670,10.80259111,55.31436469
1250930670,10.80255304,55.31438862
1250930670,10.80251665,55.31441148
1250930670,10.8024782,55.31443565
1250930670,10.80243962,55.31445989
1250930671,10.80240173,55.3144837
1250930671,10.80236321,55.31450794
1250930671,10.80232484,55.31453205
1250930671,10.80228854,55.31455485
1250930671,10.80224997,55.31457912
1250930672,10.80221156,55.31460328
1250930672,10.80217308,55.31462744
1250930672,10.80213465,55.31465165
1250930672,10.80209828,55.31467451
1250930672,10.80205956,55.31469881
1250930672,10.80202103,55.31472302
1250930673,10.80198248,55.31474724
1250930673,10.80194607,55.31477015
1250930673,10.80190751,55.31479436
1250930673,10.80186892,55.31481859
1250930673,10.80183237,55.31484157
1250930674,10.80179378,55.31486582
1250930674,10.80175498,55.3148902
1250930674,10.80171639,55.31491448
1250930674,10.80167985,55.31493739
1250930674,10.80164108,55.31496174
1250930675,10.80160245,55.31498603
1250930675,10.80156595,55.31500895
1250930675,10.80152716,55.31503336
1250930675,10.80148866,55.31505753
1250930675,10.80145187,55.31508062
1250930676,10.80141327,55.31510485
1250930676,10.80137459,55.31512914
1250930676,10.80133791,55.31515224
1250930676,10.80129898,55.31517668
1250930676,10.80126057,55.31520075
1250930677,10.80122303,55.31522437
1250930677,10.80118517,55.31524816
1250930677,10.80114641,55.31527251
1250930677,10.80110995,55.31529544
1250930677,10.80107104,55.31531981
1250930678,10.80103244,55.31534408
1250930678,10.80099598,55.315367
1250930678,10.80095662,55.3153917
1250930678,10.80091799,55.31541596
1250930678,10.80088055,55.31543951
1250930679,10.80084272,55.3154632
1250930679,10.80080413,55.31548746
1250930679,10.80076552,55.31551166
1250930679,10.800729,55.31553452
1250930679,10.80069023,55.31555888
1250930680,10.80065162,55.31558309
1250930680,10.80061514,55.31560594
1250930680,10.80057634,55.31563032
1250930680,10.80053781,55.31565452
1250930680,10.80049924,55.31567871
1250930681,10.80046281,55.31570157
1250930681,10.80042408,55.3157259
1250930681,10.80038558,55.31575009
1250930681,10.80034705,55.31577426
1250930681,10.80031067,55.31579709
1250930682,10.80027214,55.31582126
1250930682,10.80023342,55.31584556
1250930682,10.80019503,55.31586966
1250930682,10.80015869,55.31589246
1250930682,10.80012028,55.31591654
1250930683,10.8000819,55.31594061
1250930683,10.80004351,55.31596467
1250930683,10.80000505,55.31598877
1250930683,10.79996678,55.3160128
1250930683,10.79993034,55.31603561
1250930684,10.799892,55.31605965
1250930684,10.79985353,55.31608377
1250930684,10.799815,55.3161077
1250930684,10.79977657,55.31613162
1250930684,10.79973827,55.3161556
1250930685,10.79970189,55.31617816
1250930685,10.79966319,55.31620213
1250930685,10.79962473,55.31622601
1250930685,10.79958622,55.31624981
1250930685,10.79954774,55.31627363
1250930686,10.79950935,55.31629742
1250930686,10.79947299,55.31631988
1250930686,10.79943419,55.31634374
1250930686,10.7993956,55.31636743
1250930686,10.79935675,55.31639125
1250930687,10.79931839,55.31641479
1250930687,10.79927984,55.31643847
1250930687,10.79924339,55.31646081
1250930687,10.79920449,55.31648454
1250930687,10.79916583,55.31650813
1250930688,10.79912713,55.31653169
1250930688,10.7990885,55.31655511
1250930688,10.79904959,55.3165787
1250930688,10.79901291,55.31660087
1250930688,10.79897395,55.31662446
1250930688,10.79893525,55.31664773
1250930689,10.79889609,55.31667118
1250930689,10.79885927,55.31669323
1250930689,10.79882009,55.31671668
1250930689,10.79878128,55.31673983
1250930689,10.79874212,55.316763
1250930690,10.79870493,55.31678499
1250930690,10.79866551,55.31680825
1250930690,10.79862578,55.31683158
1250930690,10.79858623,55.31685471
1250930690,10.79854897,55.31687641
1250930691,10.7985093,55.31689947
1250930691,10.79847195,55.31692105
1250930691,10.79843215,55.31694399
1250930691,10.79839222,55.31696688
1250930691,10.79835488,55.31698819
1250930692,10.7983149,55.31701099
1250930692,10.79827722,55.31703238
1250930692,10.79823701,55.31705504
1250930692,10.79819717,55.31707742
1250930692,10.79815908,55.3170987
1250930693,10.79811867,55.3171212
1250930693,10.79808062,55.3171423
1250930693,10.7980423,55.31716348
1250930693,10.79800161,55.31718577
1250930693,10.79796326,55.31720672
1250930694,10.79792249,55.31722894
1250930694,10.79788401,55.31724974
1250930694,10.79784529,55.31727064
1250930694,10.79780417,55.31729266
1250930694,10.79776548,55.31731332
1250930695,10.79772652,55.31733404
1250930695,10.79768518,55.3173559
1250930695,10.79764628,55.31737642
1250930695,10.79760702,55.31739697
1250930695,10.79756568,55.31741853
1250930696,10.79752638,55.31743898
1250930696,10.79748694,55.31745935
1250930696,10.79744744,55.3174797
1250930696,10.79740576,55.31750106
1250930696,10.79736617,55.31752128
1250930696,10.79732646,55.31754146
1250930697,10.79728656,55.31756154
1250930697,10.7972467,55.31758158
1250930697,10.79720679,55.3176016
1250930697,10.79716682,55.31762157
1250930697,10.7971267,55.31764145
1250930698,10.7970865,55.31766127
1250930698,10.7970463,55.31768109
1250930698,10.79700599,55.31770082
1250930698,10.79696559,55.3177205
1250930698,10.79692511,55.31774015
1250930699,10.79688459,55.31775967
1250930699,10.79684398,55.31777917
1250930699,10.79680327,55.31779863
1250930699,10.79676252,55.31781803
1250930699,10.79672175,55.31783737
1250930700,10.79668088,55.31785665
1250930700,10.79663997,55.31787585
1250930700,10.79660105,55.31789402
1250930700,10.79656008,55.31791315
1250930700,10.79651892,55.31793221
1250930700,10.79647765,55.31795119
1250930701,10.79643857,55.31796917
1250930701,10.79639721,55.31798805
1250930701,10.7963557,55.31800685
1250930701,10.79631397,55.31802582
1250930701,10.79627496,55.31804341
1250930702,10.79623323,55.31806211
1250930702,10.79619152,55.31808075
1250930702,10.79615193,55.31809834
1250930702,10.7961101,55.31811687
1250930702,10.79606818,55.31813532
1250930703,10.7960284,55.31815274
1250930703,10.79598637,55.31817112
1250930703,10.79594652,55.31818843
1250930703,10.79590432,55.31820663
1250930703,10.79586441,55.31822388
1250930703,10.79582215,55.31824199
1250930704,10.7957798,55.31826003
1250930704,10.79573968,55.3182771
1250930704,10.79569628,55.31829545
1250930704,10.79565626,55.31831229
1250930704,10.79561376,55.31833007
1250930705,10.79557347,55.31834692
1250930705,10.79553318,55.31836372
1250930705,10.7954905,55.31838134
1250930705,10.7954501,55.318398
1250930705,10.79540736,55.31841555
1250930705,10.79536681,55.31843213
1250930706,10.79532405,55.31844954
1250930706,10.79528344,55.31846599
1250930706,10.79524048,55.31848333
1250930706,10.7951997,55.3184997
1250930706,10.7951591,55.31851594
1250930707,10.79511613,55.31853315
1250930707,10.79507532,55.31854938
1250930707,10.79503221,55.31856642
1250930707,10.79499138,55.3185826
1250930707,10.79495052,55.31859867
1250930708,10.79490728,55.31861557
1250930708,10.79486638,55.3186316
1250930708,10.79482316,55.31864847
1250930708,10.79478213,55.31866437
1250930708,10.7947411,55.31868028
1250930708,10.79469769,55.31869704
1250930709,10.79465669,55.31871284
1250930709,10.79461555,55.31872863
1250930709,10.79457212,55.31874526
1250930709,10.79453096,55.31876098
1250930709,10.7944897,55.31877668
1250930710,10.79444634,55.31879315
1250930710,10.79440502,55.31880883
1250930710,10.79436396,55.31882435
1250930710,10.79432043,55.31884079
1250930710,10.79427922,55.31885633
1250930710,10.79423795,55.31887182
1250930711,10.79419404,55.3188883
1250930711,10.79415316,55.31890362
1250930711,10.79411189,55.31891905
1250930711,10.79406831,55.31893531
1250930711,10.79402703,55.31895069
1250930712,10.79398568,55.31896604
1250930712,10.79394208,55.31898221
1250930712,10.79390079,55.31899751
1250930712,10.79385947,55.3190128
1250930712,10.79381584,55.3190289
1250930712,10.79377451,55.31904414
1250930713,10.79373318,55.31905937
1250930713,10.79368955,55.31907543
1250930713,10.79364819,55.31909063
1250930713,10.79360684,55.31910578
1250930713,10.79356316,55.31912177
1250930714,10.79352186,55.31913695
1250930714,10.79348062,55.31915209
1250930714,10.79343695,55.31916804
1250930714,10.79339562,55.31918315
1250930714,10.7933543,55.31919825
1250930714,10.79331066,55.31921417
1250930715,10.79326929,55.31922926
1250930715,10.79322578,55.31924512
1250930715,10.79318442,55.31926021
1250930715,10.79314311,55.31927526
1250930715,10.79309949,55.31929115
1250930716,10.79305824,55.31930621
1250930716,10.79301665,55.31932134
1250930716,10.79297329,55.31933703
1250930716,10.79293199,55.31935206
1250930716,10.79288849,55.319368
1250930717,10.79284717,55.31938308
1250930717,10.79280594,55.31939806
1250930717,10.79276247,55.31941387
1250930717,10.79272119,55.31942892
1250930717,10.79267761,55.31944479
1250930717,10.79263652,55.31945977
1250930718,10.79259526,55.31947475
1250930718,10.79255166,55.31949058
1250930718,10.79251049,55.31950553
1250930718,10.79246574,55.3195218
1250930718,10.79242515,55.31953671
1250930719,10.79238173,55.31955258
1250930719,10.79234052,55.3195676
1250930719,10.79229937,55.3195826
1250930719,10.79225594,55.3195984
1250930719,10.79221444,55.31961349
1250930719,10.79217135,55.31962921
1250930720,10.7921302,55.31964418
1250930720,10.79208684,55.31966002
1250930720,10.79204568,55.31967501
1250930720,10.79200461,55.31968998
1250930720,10.79196118,55.31970578
1250930721,10.79192011,55.31972074
1250930721,10.79187673,55.31973653
1250930721,10.79183567,55.3197515
1250930721,10.79179232,55.31976727
1250930721,10.79175122,55.31978223
1250930721,10.79170786,55.31979802
1250930722,10.79166677,55.31981294
1250930722,10.79162341,55.31982871
1250930722,10.79158239,55.31984367
1250930722,10.791539,55.31985944
1250930722,10.79149801,55.31987438
1250930723,10.79145468,55.31989019
1250930723,10.79141359,55.3199051
1250930723,10.79137024,55.31992087
1250930723,10.79132923,55.31993584
1250930723,10.7912859,55.31995167
1250930724,10.79124257,55.31996748
1250930724,10.79120155,55.31998241
1250930724,10.7911583,55.31999825
1250930724,10.79111726,55.32001325
1250930724,10.79107395,55.32002906
1250930724,10.79103289,55.32004404
1250930725,10.79098963,55.32005987
1250930725,10.79094861,55.32007491
1250930725,10.79090526,55.32009082
1250930725,10.79086436,55.32010584
1250930725,10.79082111,55.32012175
1250930726,10.79078014,55.32013683
1250930726,10.79073688,55.32015276
1250930726,10.79069592,55.32016788
1250930726,10.79065263,55.32018384
1250930726,10.7906117,55.320199
1250930726,10.79056846,55.32021502
1250930727,10.79052752,55.32023021
1250930727,10.79048433,55.32024629
1250930727,10.79044339,55.32026154
1250930727,10.79040025,55.32027765
1250930727,10.79035937,55.32029294
1250930728,10.79031621,55.32030911
1250930728,10.79027351,55.32032514
1250930728,10.79023234,55.32034062
1250930728,10.79019151,55.32035603
1250930728,10.79014846,55.32037231
1250930729,10.79010768,55.32038778
1250930729,10.79006458,55.32040413
1250930729,10.79002161,55.32042051
1250930729,10.78998086,55.32043605
1250930729,10.78993793,55.3204525
1250930729,10.78989725,55.32046811
1250930730,10.78985432,55.32048466
1250930730,10.78981375,55.32050034
1250930730,10.78977055,55.32051704
1250930730,10.78972808,55.32053346
1250930730,10.78968757,55.32054923
1250930731,10.78964479,55.32056589
1250930731,10.78960427,55.32058166
1250930731,10.78956153,55.32059835
1250930731,10.7895188,55.3206151
1250930731,10.7894784,55.32063096
1250930731,10.7894358,55.32064772
1250930732,10.78939317,55.3206645
1250930732,10.78935283,55.32068046
1250930732,10.78931027,55.32069733
1250930732,10.78926998,55.32071331
1250930732,10.78922626,55.32073066
1250930733,10.78918432,55.32074734
1250930733,10.78914189,55.32076428
1250930733,10.78910166,55.32078031
1250930733,10.78905924,55.32079727
1250930733,10.78901686,55.32081427
1250930734,10.78897673,55.32083036
1250930734,10.78893435,55.32084738
1250930734,10.78889204,55.32086442
1250930734,10.78885194,55.32088057
1250930734,10.78880963,55.32089763
1250930734,10.78876731,55.32091468
1250930735,10.78872507,55.32093179
1250930735,10.78868505,55.32094801
1250930735,10.78864281,55.32096514
1250930735,10.78860055,55.32098226
1250930735,10.78856053,55.32099849
1250930736,10.78851832,55.32101563
1250930736,10.78847611,55.32103277
1250930736,10.78843391,55.32104994
1250930736,10.78839392,55.32106619
1250930736,10.78835173,55.32108335
1250930737,10.78830954,55.32110053
1250930737,10.78826733,55.32111773
1250930737,10.78822734,55.32113402
1250930737,10.78818522,55.3211512
1250930737,10.78814308,55.3211684
1250930737,10.78810315,55.32118471
1250930738,10.78806101,55.32120193
1250930738,10.78801888,55.32121914
1250930738,10.78797675,55.32123638
1250930738,10.7879368,55.32125268
1250930738,10.78789468,55.3212699
1250930739,10.78785251,55.32128712
1250930739,10.7878126,55.32130342
1250930739,10.78777045,55.32132064
1250930739,10.78772833,55.32133786
1250930739,10.7876862,55.32135504
1250930740,10.78764631,55.32137137
1250930740,10.78760419,55.32138858
1250930740,10.78756215,55.32140578
1250930740,10.78752008,55.32142299
1250930740,10.7874802,55.3214393
1250930740,10.78743813,55.32145653
1250930741,10.78739575,55.32147384
1250930741,10.78735393,55.32149096
1250930741,10.78731176,55.32150818
1250930741,10.78727188,55.32152447
1250930741,10.78722967,55.32154171
1250930742,10.78718741,55.32155904
1250930742,10.78714759,55.32157531
1250930742,10.78710526,55.32159263
1250930742,10.78706299,55.32160987
1250930742,10.78702098,55.32162713
1250930743,10.78698101,55.32164349
1250930743,10.78693881,55.32166075
1250930743,10.78689655,55.32167803
1250930743,10.78685649,55.32169438
1250930743,10.78681419,55.32171172
1250930743,10.78677194,55.32172899
1250930744,10.78672962,55.3217463
1250930744,10.7866895,55.3217627
1250930744,10.78664711,55.32178005
1250930744,10.78660477,55.32179736
1250930744,10.78656461,55.32181377
1250930745,10.7865212,55.32183152
1250930745,10.78647903,55.3218487
1250930745,10.78643883,55.32186512
1250930745,10.78639635,55.32188243
1250930745,10.78635614,55.32189886
1250930746,10.78631365,55.32191619
1250930746,10.78627343,55.32193261
1250930746,10.78623092,55.32194994
1250930746,10.78618842,55.3219673
1250930746,10.78614819,55.32198378
1250930746,10.78610565,55.32200115
1250930747,10.78606536,55.32201762
1250930747,10.7860228,55.32203502
1250930747,10.7859825,55.32205151
1250930747,10.78593994,55.32206893
1250930747,10.78589956,55.32208541
1250930748,10.78585696,55.32210283
1250930748,10.78581435,55.32212025
1250930748,10.78577397,55.32213676
1250930748,10.78573129,55.32215418
1250930748,10.78569087,55.3221707
1250930749,10.78564819,55.32218815
1250930749,10.78560776,55.3222047
1250930749,10.78556726,55.32222123
1250930749,10.7855245,55.32223872
1250930749,10.78548402,55.32225527
1250930749,10.78544104,55.32227287
1250930750,10.78540073,55.32228937
1250930750,10.78535793,55.32230685
1250930750,10.78531734,55.32232343
1250930750,10.78527454,55.32234094
1250930750,10.785234,55.3223575
1250930751,10.7851911,55.32237503
1250930751,10.78515052,55.32239162
1250930751,10.78510996,55.32240821
1250930751,10.78506702,55.32242573
1250930751,10.78502639,55.32244232
1250930751,10.78498349,55.32245986
1250930752,10.78494271,55.32247652
1250930752,10.78490207,55.32249315
1250930752,10.78485917,55.32251068
1250930752,10.78481846,55.32252733
1250930752,10.78477549,55.32254491
1250930753,10.78473476,55.32256157
1250930753,10.78469399,55.32257821
1250930753,10.78465096,55.32259581
1250930753,10.78461016,55.32261248
1250930753,10.78456943,55.32262915
1250930753,10.78452629,55.32264677
1250930754,10.78448554,55.32266345
1250930754,10.78444473,55.32268011
1250930754,10.78440165,55.32269775
1250930754,10.78436088,55.32271439
1250930754,10.78432002,55.32273108
1250930755,10.78427695,55.32274873
1250930755,10.7842361,55.32276544
1250930755,10.78419525,55.32278217
1250930755,10.78415207,55.32279981
1250930755,10.78411124,55.3228165
1250930755,10.78407036,55.32283321
1250930756,10.7840272,55.32285085
1250930756,10.78398633,55.32286754
1250930756,10.7839454,55.32288429
1250930756,10.78390198,55.32290201
1250930756,10.78386127,55.32291864
1250930757,10.78382039,55.32293537
1250930757,10.78377947,55.3229521
1250930757,10.78373628,55.32296977
1250930757,10.78369533,55.32298652
1250930757,10.78365439,55.32300328
1250930757,10.78361342,55.32302003
1250930758,10.78357016,55.32303774
1250930758,10.78352917,55.32305451
1250930758,10.78348814,55.32307131
1250930758,10.78344623,55.32308844
1250930758,10.78340384,55.32310574
1250930759,10.78336205,55.32312283
1250930759,10.783321,55.32313961
1250930759,10.78327994,55.32315639
1250930759,10.78323658,55.3231741
1250930759,10.78319552,55.32319092
1250930760,10.78315447,55.32320768
1250930760,10.78311338,55.32322448
1250930760,10.78306998,55.3232422
1250930760,10.78302889,55.32325901
1250930760,10.78298777,55.3232758
1250930760,10.78294664,55.32329259
1250930761,10.78290545,55.32330941
1250930761,10.78286206,55.32332716
1250930761,10.78282095,55.32334396
1250930761,10.78277979,55.32336077
1250930761,10.78273864,55.32337761
1250930762,10.78269745,55.32339442
1250930762,10.78265626,55.32341126
1250930762,10.78261279,55.32342905
1250930762,10.78257156,55.3234459
1250930762,10.78253038,55.32346275
1250930762,10.78248913,55.32347957
1250930763,10.78244791,55.32349646
1250930763,10.78240666,55.32351329
1250930763,10.78236312,55.32353109
1250930763,10.78232187,55.32354798
1250930763,10.78228064,55.32356489
1250930764,10.78223931,55.32358174
1250930764,10.782198,55.32359866
1250930764,10.78215672,55.32361556
1250930764,10.7821154,55.32363245
1250930764,10.78207384,55.32364942
1250930764,10.78203048,55.32366716
1250930765,10.78198917,55.32368406
1250930765,10.78194781,55.32370095
1250930765,10.7819065,55.32371787
1250930765,10.78186511,55.32373481
1250930765,10.78182371,55.32375177
1250930766,10.78178237,55.32376867
1250930766,10.78174093,55.32378561
1250930766,10.78169953,55.32380258
1250930766,10.7816581,55.32381951
1250930766,10.78161663,55.32383645
1250930766,10.78157485,55.32385353
1250930767,10.7815337,55.32387037
1250930767,10.78149221,55.32388735
1250930767,10.78145065,55.32390433
1250930767,10.78140917,55.32392129
1250930767,10.78136536,55.32393918
1250930767,10.78132384,55.32395614
1250930768,10.78128235,55.32397312
1250930768,10.78124079,55.32399008
1250930768,10.78119923,55.32400705
1250930768,10.78115767,55.32402403
